time;gFx;gFy;gFz;Latitude;Longitude;Speed (m/s)
0.074;0.0915;-0.9938;0.0805;0;0;0
0.076;0.0912;-0.9967;0.0852;-23.19707241;-45.90994718;0
0.077;0.0847;-1.0172;0.0717;-23.19707241;-45.90994718;0
0.134;0.0993;-1.0128;-0.0098;-23.19707241;-45.90994718;0
0.136;0.0939;-1.015;0.0195;-23.19707241;-45.90994718;0
0.137;0.0192;-0.9547;0.0681;-23.19707241;-45.90994718;0
0.196;-0.0096;-0.9164;0.1152;-23.19707241;-45.90994718;0
0.205;0.0077;-0.9642;0.0744;-23.19707241;-45.90994718;0
0.206;0.0073;-0.975;0.0439;-23.19707241;-45.90994718;0
0.25;0.0356;-0.9555;0.0605;-23.19707241;-45.90994718;0
0.251;0.0539;-0.9672;0.1162;-23.19707241;-45.90994718;0
0.252;0.0497;-0.9862;0.1623;-23.19707241;-45.90994718;0
0.31;0.038;-0.9874;0.122;-23.19707241;-45.90994718;0
0.311;0.009;-0.9472;0.1394;-23.19708068;-45.90994493;0
0.312;-0.0277;-0.913;0.1035;-23.19708068;-45.90994493;0
0.365;-0.0079;-0.9286;0.1379;-23.19708068;-45.90994493;0
0.366;0.0351;-1.018;0.125;-23.19708068;-45.90994493;0
0.366;0.0632;-0.9948;0.1438;-23.19708068;-45.90994493;0
0.425;0.0781;-0.9977;0.1464;-23.19708068;-45.90994493;0
0.426;0.02;-0.9679;0.0996;-23.19708068;-45.90994493;0
0.427;-0.0452;-0.8966;0.0668;-23.19708068;-45.90994493;0
0.482;0.0024;-0.9286;0.0983;-23.19708068;-45.90994493;0
0.484;0.0651;-1.0255;0.0949;-23.19708068;-45.90994493;0
0.485;0.0895;-1.0316;0.1599;-23.19708068;-45.90994493;0
0.54;0.0661;-0.986;0.1472;-23.19708068;-45.90994493;0
0.541;0.0031;-0.9699;0.0231;-23.19708068;-45.90994493;0
0.542;0.0068;-0.9821;0.0222;-23.19708068;-45.90994493;0
0.598;0.0512;-0.9826;0.1357;-23.19708068;-45.90994493;0
0.599;0.051;-1.0062;0.1794;-23.19708068;-45.90994493;0
0.6;0.0468;-0.9779;0.1291;-23.19708068;-45.90994493;0
0.657;0.0446;-0.9662;0.1057;-23.19708068;-45.90994493;0
0.659;0.0615;-0.9996;0.1606;-23.19708068;-45.90994493;0
0.659;0.0019;-0.9704;0.0566;-23.19708068;-45.90994493;0
0.714;0.0334;-0.962;0.1257;-23.19708068;-45.90994493;0
0.716;0.0234;-0.976;0.174;-23.19708068;-45.90994493;0
0.717;0.0073;-0.9371;0.113;-23.19708068;-45.90994493;0
0.774;0.0417;-0.9633;0.122;-23.19708068;-45.90994493;0
0.775;0.0627;-1.0143;0.1303;-23.19708068;-45.90994493;0
0.776;0.0265;-0.9642;0.1169;-23.19708068;-45.90994493;0
0.83;-0.0015;-0.9794;0.0883;-23.19708068;-45.90994493;0
0.83;0.0124;-0.9623;0.1333;-23.19708068;-45.90994493;0
0.831;0.0148;-0.9806;0.1203;-23.19708068;-45.90994493;0
0.888;-0.0047;-0.9669;0.1145;-23.19708068;-45.90994493;0
0.89;0.0165;-0.9586;0.1877;-23.19708068;-45.90994493;0
0.891;0.0317;-0.9789;0.1596;-23.19708068;-45.90994493;0
0.948;0.0224;-0.9796;0.0979;-23.19708068;-45.90994493;0
0.949;0.0148;-0.9918;0.1438;-23.19708068;-45.90994493;0
0.949;0.0107;-0.9623;0.1648;-23.19708068;-45.90994493;0
1.003;0.0224;-0.9655;0.1486;-23.19708068;-45.90994493;0
1.004;0.0109;-1.0163;0.1472;-23.19708068;-45.90994493;0
1.004;-0.0242;-0.8856;0.104;-23.19708068;-45.90994493;0
1.061;-0.0189;-0.9579;0.1447;-23.19708068;-45.90994493;0
1.062;0.0033;-0.9608;0.1452;-23.19708068;-45.90994493;0
1.062;0.0221;-0.9935;0.1425;-23.19708068;-45.90994493;0
1.121;0.0304;-0.9921;0.1645;-23.19708068;-45.90994493;0
1.121;0.0456;-0.9962;0.1359;-23.19708068;-45.90994493;0
1.122;0.0109;-0.9813;0.1442;-23.19708068;-45.90994493;0
1.178;0.0048;-0.9699;0.1088;-23.19708068;-45.90994493;0
1.179;0.0075;-0.9669;0.1152;-23.19708068;-45.90994493;0
1.179;0.0187;-0.9765;0.124;-23.19708068;-45.90994493;0
1.236;0.0285;-1.0011;0.1538;-23.19708068;-45.90994493;0
1.237;-0.014;-0.9379;0.1018;-23.19708068;-45.90994493;0
1.238;0.0024;-0.9569;0.1469;-23.19708068;-45.90994493;0
1.296;-0.0015;-0.9721;0.1513;-23.19708068;-45.90994493;0
1.297;0.0143;-0.9789;0.144;-23.19708068;-45.90994493;0
1.298;0.0197;-0.9874;0.1157;-23.19708068;-45.90994493;0
1.353;0.0209;-0.9857;0.1501;-23.19708068;-45.90994493;0
1.354;0.0248;-0.9787;0.1425;-23.19708068;-45.90994493;0
1.355;0.007;-0.9965;0.1428;-23.19708068;-45.90994493;0
1.414;-0.0023;-0.9684;0.1137;-23.19708068;-45.90994493;0
1.415;0.0053;-0.9667;0.132;-23.19708068;-45.90994493;0
1.416;0.0234;-0.9843;0.1799;-23.19708068;-45.90994493;0
1.469;0.0243;-0.9845;0.1384;-23.19708068;-45.90994493;0
1.469;0.027;-1.0514;0.1831;-23.19708068;-45.90994493;0
1.47;0.0009;-0.9306;0.1521;-23.19708068;-45.90994493;0
1.529;0.0031;-0.9157;0.0722;-23.19708068;-45.90994493;0
1.531;0.0182;-0.9813;0.1521;-23.19708068;-45.90994493;0
1.532;0.0048;-0.9713;0.154;-23.19708068;-45.90994493;0
1.584;0.0009;-0.9606;0.1623;-23.19708068;-45.90994493;0
1.586;0.0033;-0.9694;0.134;-23.19708068;-45.90994493;0
1.587;0.0097;-0.983;0.1115;-23.19708068;-45.90994493;0
1.642;0.0151;-0.9879;0.1242;-23.19708068;-45.90994493;0
1.644;0.0055;-0.9718;0.135;-23.19708068;-45.90994493;0
1.645;0.0033;-0.9718;0.1652;-23.19708068;-45.90994493;0
1.7;-0.0059;-0.9616;0.1511;-23.19708068;-45.90994493;0
1.702;0.0046;-0.9672;0.1362;-23.19708068;-45.90994493;0
1.702;-0.0054;-0.9757;0.1501;-23.19708068;-45.90994493;0
1.758;-0.0089;-0.9677;0.1662;-23.19708068;-45.90994493;0
1.76;-0.001;-0.9623;0.1455;-23.19708068;-45.90994493;0
1.761;-0.0081;-0.9606;0.1643;-23.19708068;-45.90994493;0
1.816;-0.0037;-0.9708;0.1552;-23.19708068;-45.90994493;0
1.817;0.008;-0.9618;0.1457;-23.19708068;-45.90994493;0
1.817;0.0043;-0.9769;0.1555;-23.19708068;-45.90994493;0
1.874;0.0043;-0.9745;0.1877;-23.19708068;-45.90994493;0
1.875;0.0087;-0.965;0.1706;-23.19708068;-45.90994493;0
1.875;-0.0054;-0.9647;0.1467;-23.19708068;-45.90994493;0
1.932;-0.0008;-0.9601;0.1372;-23.19708068;-45.90994493;0
1.932;-0.0076;-0.9613;0.1601;-23.19708068;-45.90994493;0
1.933;-0.0147;-0.9642;0.1713;-23.19708068;-45.90994493;0
1.99;-0.0128;-0.9542;0.1723;-23.19708068;-45.90994493;0
1.992;0.0261;-0.9474;0.1364;-23.19708068;-45.90994493;0
1.992;0.027;-0.9806;0.1423;-23.19708068;-45.90994493;0
2.053;0.029;-0.9828;0.175;-23.19708068;-45.90994493;0
2.054;0.0185;-0.983;0.1777;-23.19708068;-45.90994493;0
2.055;0.0175;-0.973;0.1596;-23.19708068;-45.90994493;0
2.107;0.0168;-0.9806;0.1267;-23.19708068;-45.90994493;0
2.108;0.016;-0.9772;0.1496;-23.19708068;-45.90994493;0
2.109;0.0192;-0.9655;0.1745;-23.19708068;-45.90994493;0
2.165;0.0292;-0.9704;0.1877;-23.19708068;-45.90994493;0
2.167;0.0119;-0.9664;0.1796;-23.19708068;-45.90994493;0
2.167;0.018;-0.9608;0.165;-23.19708068;-45.90994493;0
2.222;0.0178;-0.9655;0.166;-23.19708068;-45.90994493;0
2.223;0.0146;-0.9694;0.1479;-23.19708068;-45.90994493;0
2.224;0.0261;-0.9684;0.1479;-23.19708068;-45.90994493;0
2.281;0.0158;-0.9747;0.1674;-23.19708068;-45.90994493;0
2.283;0.0153;-0.9733;0.1772;-23.19708068;-45.90994493;0
2.284;0.0268;-0.9694;0.1931;-23.19708068;-45.90994493;0
2.34;0.0422;-0.9657;0.166;-23.19708068;-45.90994493;0
2.341;0.0275;-0.9796;0.1491;-23.19708068;-45.90994493;0
2.342;0.0224;-0.9701;0.1357;-23.19708068;-45.90994493;0
2.399;0.0212;-0.953;0.1657;-23.19708068;-45.90994493;0
2.4;0.0217;-0.9437;0.2234;-23.19708068;-45.90994493;0
2.401;0.028;-0.9523;0.1909;-23.19708068;-45.90994493;0
2.455;0.0329;-0.9623;0.1894;-23.19708068;-45.90994493;0
2.456;0.0185;-0.9809;0.2419;-23.19708068;-45.90994493;0
2.457;0.0246;-0.9601;0.2263;-23.19708068;-45.90994493;0
2.514;0.0597;-1.0543;0.1433;-23.19708068;-45.90994493;0
2.516;0.0561;-0.9647;0.0739;-23.19708068;-45.90994493;0
2.517;0.0156;-0.983;0.0295;-23.19708068;-45.90994493;0
2.571;0.0597;-1.1134;0.1687;-23.19708068;-45.90994493;0
2.572;0.0302;-0.8749;0.2483;-23.19708068;-45.90994493;0
2.573;0.007;-0.8785;0.0248;-23.19708068;-45.90994493;0
2.629;0.0351;-1.0136;0.4739;-23.19708068;-45.90994493;0
2.631;0.1393;-1.0133;0.1606;-23.19708068;-45.90994493;0
2.632;0.0632;-0.9799;0.1474;-23.19708068;-45.90994493;0
2.687;0.0451;-0.9559;0.1025;-23.19708068;-45.90994493;0
2.689;0.0761;-0.9816;0.1206;-23.19708068;-45.90994493;0
2.689;0.0348;-0.9877;0.0996;-23.19708068;-45.90994493;0
2.745;0.027;-0.9809;0.1098;-23.19708068;-45.90994493;0
2.746;0.0431;-0.9645;0.1208;-23.19708068;-45.90994493;0
2.747;0.04;-0.9721;0.1198;-23.19708068;-45.90994493;0
2.804;0.0441;-0.974;0.0871;-23.19708068;-45.90994493;0
2.805;0.0285;-0.9828;0.1008;-23.19708068;-45.90994493;0
2.806;0.0221;-0.9603;0.0974;-23.19708068;-45.90994493;0
2.861;0.0287;-0.9559;0.0905;-23.19708068;-45.90994493;0
2.863;0.0121;-0.9652;0.0712;-23.19708068;-45.90994493;0
2.863;-0.0152;-0.9689;0.0854;-23.19708068;-45.90994493;0
2.92;0.009;-0.9945;0.0671;-23.19708068;-45.90994493;0
2.921;0.0041;-0.9767;0.0351;-23.19708068;-45.90994493;0
2.922;0.0217;-0.9442;0.0422;-23.19708068;-45.90994493;0
2.977;-0.0235;-1.0204;-0.0147;-23.19708068;-45.90994493;0
2.978;-0.0155;-1.0038;-0.0479;-23.19708068;-45.90994493;0
2.979;0.0734;-1.0009;-0.055;-23.19708068;-45.90994493;0
3.038;0.0734;-1.0114;-0.1661;-23.19708068;-45.90994493;0
3.039;0.0431;-0.9928;-0.1651;-23.19708068;-45.90994493;0
3.039;-0.0093;-0.9594;-0.13;-23.19708068;-45.90994493;0
3.094;-0.0711;-0.9996;-0.0975;-23.19708068;-45.90994493;0
3.095;-0.0311;-1.0092;-0.0599;-23.19708068;-45.90994493;0
3.096;-0.0557;-1.0062;-0.1639;-23.19708068;-45.90994493;0
3.152;-0.116;-0.9613;-0.254;-23.19708068;-45.90994493;0
3.153;-0.0921;-0.9667;-0.2205;-23.19708068;-45.90994493;0
3.154;-0.1224;-0.9723;-0.1556;-23.19708068;-45.90994493;0
3.209;-0.1229;-0.9633;-0.2237;-23.19708068;-45.90994493;0
3.21;-0.1556;-0.9315;-0.2164;-23.19708068;-45.90994493;0
3.21;-0.18;-0.9586;-0.0855;-23.19708068;-45.90994493;0
3.269;-0.161;-1.0209;-0.013;-23.19708068;-45.90994493;0
3.271;-0.15;-1.027;-0.0643;-23.19709199;-45.9099447;0
3.273;-0.1886;-0.9862;-0.1282;-23.19709199;-45.9099447;0
3.326;-0.1756;-0.9796;-0.1878;-23.19709199;-45.9099447;0
3.328;-0.1666;-0.963;-0.2638;-23.19709199;-45.9099447;0
3.329;-0.2032;-0.9611;-0.3009;-23.19709199;-45.9099447;0
3.385;-0.2801;-0.9574;-0.369;-23.19709199;-45.9099447;0
3.387;-0.3146;-0.9728;-0.2633;-23.19709199;-45.9099447;0
3.388;-0.2921;-1.0785;-0.1881;-23.19709199;-45.9099447;0
3.442;-0.1629;-1.2326;-0.2113;-23.19709199;-45.9099447;0
3.444;0.007;-1.3798;-0.1856;-23.19709199;-45.9099447;0
3.445;0.1308;-1.5375;-0.0626;-23.19709199;-45.9099447;0
3.501;0.321;-1.8852;-0.1319;-23.19709199;-45.9099447;0
3.503;0.3388;-1.8313;-0.3597;-23.19709199;-45.9099447;0
3.504;0.4873;-1.7827;-0.2642;-23.19709199;-45.9099447;0
3.558;0.1364;-2.0835;-0.0462;-23.19709199;-45.9099447;0
3.56;0.3484;-2.1692;-0.4012;-23.19709199;-45.9099447;0
3.561;0.5115;-1.7216;-0.3062;-23.19709199;-45.9099447;0
3.617;0.5447;-1.2621;-0.0477;-23.19709199;-45.9099447;0
3.619;-1.1037;-1.1857;-0.369;-23.19709199;-45.9099447;0
3.62;0.2453;-0.5863;-0.0589;-23.19709199;-45.9099447;0
3.675;0.822;-0.0303;-0.5673;-23.19709199;-45.9099447;0
3.677;0.7861;-0.2313;0.3095;-23.19709199;-45.9099447;0
3.678;0.6479;-0.2288;0.3989;-23.19709199;-45.9099447;0
3.733;0.3405;-0.2291;0.1875;-23.19709199;-45.9099447;0
3.734;0.2565;-0.2051;0.1269;-23.19709199;-45.9099447;0
3.735;0.2893;-0.4456;0.1257;-23.19709199;-45.9099447;0
3.791;0.1293;-0.6632;0.0915;-23.19709199;-45.9099447;0
3.793;0.0878;-0.798;0.0212;-23.19709199;-45.9099447;0
3.793;0.0864;-1.0036;-0.0274;-23.19709199;-45.9099447;0
3.848;0.0905;-1.3766;-0.1236;-23.19709199;-45.9099447;0
3.85;-0.0684;-1.9011;-0.304;-23.19709199;-45.9099447;0
3.851;-0.6439;-2.2661;-0.6254;-23.19709199;-45.9099447;0
3.907;-1.5;-2.4429;-0.7479;-23.19709199;-45.9099447;0
3.91;-2.1258;-1.8591;-1.1843;-23.19709199;-45.9099447;0
3.911;-2.6227;-1.6325;-1.2451;-23.19709199;-45.9099447;0
3.966;-2.6773;-1.311;-0.996;-23.19709199;-45.9099447;0
3.968;-2.3116;-1.2968;-0.8165;-23.19709199;-45.9099447;0
3.969;-1.3132;-1.1767;-0.5839;-23.19709199;-45.9099447;0
4.023;1.1387;-1.0973;0.3562;-23.19709199;-45.9099447;0
4.025;3.3284;-1.1862;0.7351;-23.19709199;-45.9099447;0
4.026;-1.9998;-2.9679;0.4292;-23.19709199;-45.9099447;0
4.083;-0.8871;-1.1322;-0.0787;-23.19709199;-45.9099447;0
4.085;-0.5211;0.1177;-1.4653;-23.19709199;-45.9099447;0
4.086;0.1447;-1.2648;-0.1331;-23.19709199;-45.9099447;0
4.139;0.4487;-1.0744;-0.2037;-23.19709199;-45.9099447;0
4.141;0.0107;-1.1339;-0.0079;-23.19709199;-45.9099447;0
4.142;-0.0999;-0.9027;-0.0733;-23.19709199;-45.9099447;0
4.197;-0.1165;-0.9852;-0.0255;-23.19709199;-45.9099447;0
4.2;-0.0264;-0.9791;-0.231;-23.19709199;-45.9099447;0
4.201;0.0361;-1.0121;-0.1148;-23.19709199;-45.9099447;0
4.255;-0.0147;-0.9813;-0.1961;-23.19709199;-45.9099447;0
4.256;0.0346;-0.9481;-0.2501;-23.19709199;-45.9099447;0
4.257;-0.0286;-0.9906;-0.1771;-23.19709199;-45.9099447;0
4.313;-0.1246;-0.9518;-0.147;-23.19709199;-45.9099447;0
4.313;-0.1781;-0.9357;-0.1187;-23.19708026;-45.90993698;3.0999999
4.314;-0.1705;-0.9579;-0.1383;-23.19708026;-45.90993698;3.0999999
4.371;-0.129;-0.9892;-0.1807;-23.19708026;-45.90993698;3.0999999
4.373;-0.1097;-1.015;-0.2227;-23.19708026;-45.90993698;3.0999999
4.374;-0.1512;-0.9918;-0.2164;-23.19708026;-45.90993698;3.0999999
4.429;-0.1517;-0.9894;-0.1873;-23.19708026;-45.90993698;3.0999999
4.431;-0.1385;-1.0053;-0.2432;-23.19708026;-45.90993698;3.0999999
4.432;-0.1222;-1.0206;-0.1807;-23.19708026;-45.90993698;3.0999999
4.487;-0.0692;-1.1181;-0.1231;-23.19708026;-45.90993698;3.0999999
4.489;-0.0028;-1.1757;-0.066;-23.19708026;-45.90993698;3.0999999
4.49;0.0634;-1.247;-0.0003;-23.19708026;-45.90993698;3.0999999
4.546;0.0827;-1.3058;0.0231;-23.19708026;-45.90993698;3.0999999
4.549;0.1188;-1.5305;-0.0762;-23.19708026;-45.90993698;3.0999999
4.55;0.1442;-1.5056;-0.3863;-23.19708026;-45.90993698;3.0999999
4.604;0.2678;-1.592;-0.3326;-23.19708026;-45.90993698;3.0999999
4.607;0.3928;-1.6416;-0.2757;-23.19708026;-45.90993698;3.0999999
4.608;0.2815;-1.7636;-0.2154;-23.19708026;-45.90993698;3.0999999
4.662;0.1032;-2.0029;-0.5001;-23.19708026;-45.90993698;3.0999999
4.664;-0.221;-1.7983;-0.1951;-23.19708026;-45.90993698;3.0999999
4.666;0.3635;-1.1139;-0.3145;-23.19708026;-45.90993698;3.0999999
4.721;0.1694;-0.9445;-0.3236;-23.19708026;-45.90993698;3.0999999
4.724;-0.7921;-0.8524;0.0329;-23.19708026;-45.90993698;3.0999999
4.725;-0.0448;-0.4537;-0.1046;-23.19708026;-45.90993698;3.0999999
4.778;0.3994;-0.2818;-0.3177;-23.19708026;-45.90993698;3.0999999
4.781;0.4404;-0.2213;0.0219;-23.19708026;-45.90993698;3.0999999
4.781;0.3728;-0.1417;0.1535;-23.19708026;-45.90993698;3.0999999
4.836;0.2629;-0.1065;-0.0745;-23.19708026;-45.90993698;3.0999999
4.838;0.0588;-0.1556;-0.1473;-23.19708026;-45.90993698;3.0999999
4.839;0.0002;-0.2266;-0.3084;-23.19708026;-45.90993698;3.0999999
4.893;0.0712;-0.4034;-0.4679;-23.19708026;-45.90993698;3.0999999
4.896;0.0522;-0.5743;-0.4725;-23.19708026;-45.90993698;3.0999999
4.897;-0.0516;-0.7946;-0.4293;-23.19708026;-45.90993698;3.0999999
4.952;-0.0743;-1.0009;-0.3338;-23.19708026;-45.90993698;3.0999999
4.956;0.0141;-1.1996;-0.3077;-23.19708026;-45.90993698;3.0999999
4.957;-0.0428;-1.4147;-0.5265;-23.19708026;-45.90993698;3.0999999
5.011;-0.0838;-1.5756;-0.6149;-23.19708026;-45.90993698;3.0999999
5.012;-0.1751;-1.8442;-0.5997;-23.19708026;-45.90993698;3.0999999
5.013;-0.402;-1.9539;-0.7572;-23.19708026;-45.90993698;3.0999999
5.069;-0.7089;-1.7971;-0.4884;-23.19708026;-45.90993698;3.0999999
5.071;-1.2199;-1.9961;-0.5521;-23.19708026;-45.90993698;3.0999999
5.072;-2.1792;-1.82;-1.2289;-23.19708026;-45.90993698;3.0999999
5.126;-2.3433;-1.1498;-0.8048;-23.19708026;-45.90993698;3.0999999
5.129;-1.6545;-1.226;-0.3053;-23.19708026;-45.90993698;3.0999999
5.13;-1.2287;-1.4684;-0.0352;-23.19708026;-45.90993698;3.0999999
5.184;-0.0177;-1.2455;0.0739;-23.19708026;-45.90993698;3.0999999
5.187;1.8927;-1.0331;0.8108;-23.19708026;-45.90993698;3.0999999
5.188;2.0727;-1.352;0.5107;-23.19708026;-45.90993698;3.0999999
5.241;-1.561;-2.1118;0.3525;-23.19708026;-45.90993698;3.0999999
5.242;-0.6359;-0.8365;-0.1527;-23.19706113;-45.90992743;2.38000011
5.243;-0.2191;-0.2161;-0.8229;-23.19706113;-45.90992743;2.38000011
5.3;0.3259;-1.2123;-0.182;-23.19706113;-45.90992743;2.38000011
5.302;0.2978;-0.9953;0.0761;-23.19706113;-45.90992743;2.38000011
5.302;-0.026;-0.8702;-0.1688;-23.19706113;-45.90992743;2.38000011
5.358;-0.2477;-1.0199;-0.1239;-23.19706113;-45.90992743;2.38000011
5.36;-0.2125;-0.9906;-0.0928;-23.19706113;-45.90992743;2.38000011
5.361;-0.0797;-0.9428;-0.2452;-23.19706113;-45.90992743;2.38000011
5.416;-0.057;-0.9965;-0.1715;-23.19706113;-45.90992743;2.38000011
5.417;-0.1383;-0.9747;-0.2657;-23.19706113;-45.90992743;2.38000011
5.418;-0.1607;-0.9337;-0.2384;-23.19706113;-45.90992743;2.38000011
5.474;-0.1302;-0.996;-0.1431;-23.19706113;-45.90992743;2.38000011
5.475;-0.128;-0.9855;-0.1739;-23.19706113;-45.90992743;2.38000011
5.476;-0.1295;-0.9711;-0.1844;-23.19706113;-45.90992743;2.38000011
5.532;-0.1663;-0.9491;-0.2056;-23.19706113;-45.90992743;2.38000011
5.534;-0.1783;-0.9454;-0.1588;-23.19706113;-45.90992743;2.38000011
5.535;-0.1932;-0.944;-0.1458;-23.19706113;-45.90992743;2.38000011
5.59;-0.2193;-0.9203;-0.1549;-23.19706113;-45.90992743;2.38000011
5.592;-0.2332;-0.9161;-0.1883;-23.19706113;-45.90992743;2.38000011
5.593;-0.2115;-0.9467;-0.2533;-23.19706113;-45.90992743;2.38000011
5.649;-0.193;-0.9743;-0.2503;-23.19706113;-45.90992743;2.38000011
5.65;-0.1588;-1.027;-0.1771;-23.19706113;-45.90992743;2.38000011
5.651;-0.0965;-1.1374;-0.1185;-23.19706113;-45.90992743;2.38000011
5.708;-0.0203;-1.2196;-0.0557;-23.19706113;-45.90992743;2.38000011
5.71;-0.0181;-1.2553;-0.0552;-23.19706113;-45.90992743;2.38000011
5.711;-0.015;-1.3141;-0.1282;-23.19706113;-45.90992743;2.38000011
5.764;-0.0177;-1.5546;-0.2564;-23.19706113;-45.90992743;2.38000011
5.766;0.0734;-1.6953;-0.5905;-23.19706113;-45.90992743;2.38000011
5.767;0.2788;-1.8154;-0.4977;-23.19706113;-45.90992743;2.38000011
5.822;0.3195;-1.8506;-0.2703;-23.19706113;-45.90992743;2.38000011
5.824;0.5984;-1.8645;0.0573;-23.19706113;-45.90992743;2.38000011
5.825;-0.0955;-1.1566;0.2404;-23.19706113;-45.90992743;2.38000011
5.881;-0.3849;-0.4769;0.1897;-23.19706113;-45.90992743;2.38000011
5.884;-0.2218;-0.3248;-0.096;-23.19706113;-45.90992743;2.38000011
5.885;-0.5155;-0.5467;0.0798;-23.19706113;-45.90992743;2.38000011
5.938;-1.3767;-0.554;-0.0889;-23.19706113;-45.90992743;2.38000011
5.94;0.2097;-0.3763;-0.3529;-23.19706113;-45.90992743;2.38000011
5.941;0.5251;-0.1543;-0.4811;-23.19706113;-45.90992743;2.38000011
5.998;0.4382;-0.2742;0.0803;-23.19706113;-45.90992743;2.38000011
6;0.133;-0.4234;0.2209;-23.19706113;-45.90992743;2.38000011
6.002;-0.0379;-0.3773;-0.0508;-23.19706113;-45.90992743;2.38000011
6.055;-0.0421;-0.6178;0.0959;-23.19706113;-45.90992743;2.38000011
6.057;-0.0096;-0.9704;0.0983;-23.19706113;-45.90992743;2.38000011
6.057;-0.192;-1.13;-0.0233;-23.19706113;-45.90992743;2.38000011
6.112;-0.2772;-1.1664;-0.1995;-23.19706113;-45.90992743;2.38000011
6.114;-0.3409;-1.2172;-0.3292;-23.19706113;-45.90992743;2.38000011
6.114;-0.3483;-1.1886;-0.5018;-23.19706113;-45.90992743;2.38000011
6.172;-0.3363;-1.1481;-0.6217;-23.19706113;-45.90992743;2.38000011
6.174;-0.3097;-1.1195;-0.6608;-23.19706113;-45.90992743;2.38000011
6.175;-0.2538;-1.0309;-0.6481;-23.19706113;-45.90992743;2.38000011
6.23;-0.2389;-0.9711;-0.6596;-23.19706113;-45.90992743;2.38000011
6.231;-0.2201;-0.9479;-0.7274;-23.19706113;-45.90992743;2.38000011
6.232;-0.2755;-0.9528;-0.8661;-23.19706113;-45.90992743;2.38000011
6.286;-0.4759;-0.9628;-1.0361;-23.19706113;-45.90992743;2.38000011
6.287;-0.6327;-0.9491;-1.207;-23.19705165;-45.90992107;0.85000002
6.288;-0.922;-1.1171;-1.3759;-23.19705165;-45.90992107;0.85000002
6.343;-1.1093;-1.0402;-1.3032;-23.19705165;-45.90992107;0.85000002
6.344;-0.9736;-1.3176;-1.0226;-23.19705165;-45.90992107;0.85000002
6.345;-1.8203;-1.6545;0.2768;-23.19705165;-45.90992107;0.85000002
6.403;-0.7277;-1.1452;0.3261;-23.19705165;-45.90992107;0.85000002
6.405;0.3962;-0.8397;0.6143;-23.19705165;-45.90992107;0.85000002
6.406;0.2453;-1.3093;0.5322;-23.19705165;-45.90992107;0.85000002
6.461;0.0263;-1.1144;0.0253;-23.19705165;-45.90992107;0.85000002
6.463;-0.2477;-0.903;-0.3871;-23.19705165;-45.90992107;0.85000002
6.464;-0.193;-0.8231;-0.3666;-23.19705165;-45.90992107;0.85000002
6.519;-0.1583;-0.9118;-0.1209;-23.19705165;-45.90992107;0.85000002
6.521;-0.0777;-0.9682;0.007;-23.19705165;-45.90992107;0.85000002
6.521;-0.1146;-1.0285;-0.0416;-23.19705165;-45.90992107;0.85000002
6.577;-0.1529;-0.9799;-0.0372;-23.19705165;-45.90992107;0.85000002
6.578;-0.1141;-0.9826;0.0458;-23.19705165;-45.90992107;0.85000002
6.579;-0.1082;-1.018;0.0498;-23.19705165;-45.90992107;0.85000002
6.634;-0.1146;-0.9894;-0.1209;-23.19705165;-45.90992107;0.85000002
6.636;-0.1287;-0.9479;-0.19;-23.19705165;-45.90992107;0.85000002
6.637;-0.1468;-0.9384;-0.1329;-23.19705165;-45.90992107;0.85000002
6.693;-0.1725;-0.9411;-0.0731;-23.19705165;-45.90992107;0.85000002
6.695;-0.1964;-0.9762;-0.0811;-23.19705165;-45.90992107;0.85000002
6.696;-0.1744;-1.0133;-0.107;-23.19705165;-45.90992107;0.85000002
6.751;-0.1683;-0.9882;-0.1561;-23.19705165;-45.90992107;0.85000002
6.752;-0.1812;-0.9682;-0.1717;-23.19705165;-45.90992107;0.85000002
6.753;-0.183;-0.9845;-0.1783;-23.19705165;-45.90992107;0.85000002
6.808;-0.1808;-0.9806;-0.1641;-23.19705165;-45.90992107;0.85000002
6.809;-0.2252;-0.9364;-0.189;-23.19705165;-45.90992107;0.85000002
6.81;-0.2311;-0.9205;-0.1951;-23.19705165;-45.90992107;0.85000002
6.867;-0.214;-0.954;-0.1141;-23.19705165;-45.90992107;0.85000002
6.868;-0.214;-0.9613;-0.0611;-23.19705165;-45.90992107;0.85000002
6.869;-0.2196;-0.9457;-0.1121;-23.19705165;-45.90992107;0.85000002
6.925;-0.2184;-0.9252;-0.1365;-23.19705165;-45.90992107;0.85000002
6.926;-0.2181;-0.9413;-0.1319;-23.19705165;-45.90992107;0.85000002
6.927;-0.2274;-0.9342;-0.1029;-23.19705165;-45.90992107;0.85000002
6.983;-0.223;-0.9552;-0.0931;-23.19705165;-45.90992107;0.85000002
6.984;-0.1976;-1.0067;-0.0858;-23.19705165;-45.90992107;0.85000002
6.985;-0.1744;-1.0441;-0.0982;-23.19705165;-45.90992107;0.85000002
7.041;-0.1602;-1.0431;-0.1453;-23.19705165;-45.90992107;0.85000002
7.041;-0.1795;-1.0321;-0.1475;-23.19705165;-45.90992107;0.85000002
7.042;-0.1651;-1.0521;-0.1302;-23.19705165;-45.90992107;0.85000002
7.099;-0.1265;-1.1142;-0.0806;-23.19705165;-45.90992107;0.85000002
7.1;-0.0882;-1.1784;-0.0604;-23.19705165;-45.90992107;0.85000002
7.101;-0.0445;-1.2843;-0.0252;-23.19705165;-45.90992107;0.85000002
7.157;-0.022;-1.3539;-0.0081;-23.19705165;-45.90992107;0.85000002
7.158;-0.0162;-1.3503;0.0185;-23.19705165;-45.90992107;0.85000002
7.159;0.007;-1.3434;-0.0228;-23.19705165;-45.90992107;0.85000002
7.215;0.0185;-1.3305;-0.0985;-23.19705165;-45.90992107;0.85000002
7.216;-0.1898;-1.2677;-0.179;-23.19705165;-45.90992107;0.85000002
7.217;-0.1576;-1.1408;-0.2616;-23.19705165;-45.90992107;0.85000002
7.273;-0.2569;-1.0573;-0.3736;-23.19705165;-45.90992107;0.85000002
7.274;-0.4596;-0.8505;-0.3319;-23.19705165;-45.90992107;0.85000002
7.275;-0.706;-0.4466;-0.2088;-23.19705165;-45.90992107;0.85000002
7.331;0.1284;-0.6185;-0.13;-23.19705165;-45.90992107;0.85000002
7.333;0.3444;-0.671;0.0285;-23.19705165;-45.90992107;0.85000002
7.334;0.2021;-0.6717;-0.1351;-23.19705165;-45.90992107;0.85000002
7.389;0.1054;-0.536;-0.2193;-23.19705165;-45.90992107;0.85000002
7.392;0.0561;-0.5921;-0.2259;-23.19705165;-45.90992107;0.85000002
7.393;0.0104;-0.6175;-0.224;-23.19705165;-45.90992107;0.85000002
7.447;-0.0228;-0.5958;-0.1973;-23.19705165;-45.90992107;0.85000002
7.449;-0.0506;-0.6324;-0.1566;-23.19705165;-45.90992107;0.85000002
7.449;-0.0606;-0.6532;-0.1043;-23.19705165;-45.90992107;0.85000002
7.505;-0.0789;-0.7259;-0.0416;-23.19705165;-45.90992107;0.85000002
7.506;-0.0965;-0.8678;0.0024;-23.19705165;-45.90992107;0.85000002
7.506;-0.0653;-0.966;0.0561;-23.19705165;-45.90992107;0.85000002
7.563;-0.0926;-1.0373;0.0617;-23.19705165;-45.90992107;0.85000002
7.564;-0.1422;-1.1618;0.0414;-23.19705165;-45.90992107;0.85000002
7.564;-0.1549;-1.3112;-0.0081;-23.19705165;-45.90992107;0.85000002
7.621;-0.1917;-1.3461;-0.1221;-23.19705165;-45.90992107;0.85000002
7.622;-0.2887;-1.342;-0.148;-23.19705165;-45.90992107;0.85000002
7.623;-0.3085;-1.2624;-0.086;-23.19705165;-45.90992107;0.85000002
7.679;-0.2867;-1.2177;0.0139;-23.19705165;-45.90992107;0.85000002
7.68;-0.3028;-1.2907;-0.0225;-23.19705165;-45.90992107;0.85000002
7.681;-0.3778;-1.3417;-0.1549;-23.19705165;-45.90992107;0.85000002
7.737;-0.4574;-1.1378;-0.4147;-23.19705165;-45.90992107;0.85000002
7.738;-0.6872;-1.4926;-0.5428;-23.19705165;-45.90992107;0.85000002
7.739;-0.8522;-0.9264;-0.2025;-23.19705165;-45.90992107;0.85000002
7.795;-0.3468;-1.2333;-0.4916;-23.19705165;-45.90992107;0.85000002
7.797;0.7952;-1.0924;0.1335;-23.19705165;-45.90992107;0.85000002
7.798;0.6643;-1.2668;0.2788;-23.19705165;-45.90992107;0.85000002
7.853;0.1762;-1.1427;-0.0472;-23.19705165;-45.90992107;0.85000002
7.854;0.0265;-1.1459;-0.3771;-23.19705165;-45.90992107;0.85000002
7.855;0.0505;-0.923;-0.1632;-23.19705165;-45.90992107;0.85000002
7.911;0.1992;-0.8522;-0.3482;-23.19705165;-45.90992107;0.85000002
7.913;0.0744;-0.9584;-0.1954;-23.19705165;-45.90992107;0.85000002
7.914;-0.0572;-0.9682;-0.0633;-23.19705165;-45.90992107;0.85000002
7.969;-0.0831;-0.995;0.0676;-23.19705165;-45.90992107;0.85000002
7.97;0.0588;-0.952;-0.0462;-23.19705165;-45.90992107;0.85000002
7.97;0.1362;-0.9542;-0.1575;-23.19705165;-45.90992107;0.85000002
8.028;0.1486;-0.9247;-0.1893;-23.19705165;-45.90992107;0.85000002
8.029;0.1965;-0.9264;-0.243;-23.19705165;-45.90992107;0.85000002
8.03;0.2138;-0.9884;-0.2008;-23.19705165;-45.90992107;0.85000002
8.087;0.2097;-0.9943;-0.1488;-23.19705165;-45.90992107;0.85000002
8.088;0.228;-0.994;-0.2718;-23.19705165;-45.90992107;0.85000002
8.089;0.2717;-0.9474;-0.287;-23.19705165;-45.90992107;0.85000002
8.143;0.2373;-0.9811;-0.1605;-23.19705165;-45.90992107;0.85000002
8.145;0.1035;-1.0097;-0.1114;-23.19705165;-45.90992107;0.85000002
8.146;0.0524;-0.9428;-0.1771;-23.19705165;-45.90992107;0.85000002
8.206;0.1017;-0.9476;-0.1551;-23.19705165;-45.90992107;0.85000002
8.208;0.112;-0.9706;-0.1507;-23.19705165;-45.90992107;0.85000002
8.208;0.0532;-0.9489;-0.1754;-23.19705165;-45.90992107;0.85000002
8.26;0.1288;-0.9628;-0.3062;-23.19705165;-45.90992107;0.85000002
8.261;0.1662;-0.9799;-0.266;-23.19706177;-45.9099262;0
8.261;0.1303;-0.9628;-0.1776;-23.19706177;-45.9099262;0
8.318;0.1491;-0.9581;-0.1942;-23.19706177;-45.9099262;0
8.32;0.0571;-0.965;-0.1488;-23.19706177;-45.9099262;0
8.32;0.04;-0.9574;-0.1507;-23.19706177;-45.9099262;0
8.375;0.0651;-0.9879;-0.1319;-23.19706177;-45.9099262;0
8.376;0.0295;-0.9586;-0.1593;-23.19706177;-45.9099262;0
8.377;-0.0189;-0.9269;-0.1676;-23.19706177;-45.9099262;0
8.434;-0.0279;-0.9423;-0.1766;-23.19706177;-45.9099262;0
8.434;-0.0413;-0.9472;-0.1776;-23.19706177;-45.9099262;0
8.435;-0.0145;-0.9572;-0.1927;-23.19706177;-45.9099262;0
8.493;0.0551;-0.983;-0.2222;-23.19706177;-45.9099262;0
8.494;0.0229;-0.9662;-0.1983;-23.19706177;-45.9099262;0
8.495;0.0204;-0.9616;-0.1712;-23.19706177;-45.9099262;0
8.55;0.0312;-0.9623;-0.1712;-23.19706177;-45.9099262;0
8.551;0.0334;-0.9528;-0.1671;-23.19706177;-45.9099262;0
8.552;0.0295;-0.9606;-0.1629;-23.19706177;-45.9099262;0
8.608;0.0546;-0.9691;-0.1639;-23.19706177;-45.9099262;0
8.61;0.0715;-0.9762;-0.1676;-23.19706177;-45.9099262;0
8.61;0.0595;-0.9728;-0.1607;-23.19706177;-45.9099262;0
8.666;0.0192;-0.9472;-0.1407;-23.19706177;-45.9099262;0
8.667;0.0471;-0.9652;-0.168;-23.19706177;-45.9099262;0
8.667;0.0539;-0.9762;-0.1654;-23.19706177;-45.9099262;0
8.724;0.0514;-0.962;-0.1749;-23.19706177;-45.9099262;0
8.726;0.0353;-0.9581;-0.1654;-23.19706177;-45.9099262;0
8.727;0.0419;-0.9606;-0.1588;-23.19706177;-45.9099262;0
8.783;0.058;-0.9762;-0.1417;-23.19706177;-45.9099262;0
8.784;0.0937;-0.9791;-0.1658;-23.19706177;-45.9099262;0
8.785;0.0849;-0.9635;-0.1724;-23.19706177;-45.9099262;0
8.841;0.0861;-0.9542;-0.1727;-23.19706177;-45.9099262;0
8.842;0.0803;-0.9569;-0.1612;-23.19706177;-45.9099262;0
8.843;0.0854;-0.9669;-0.1637;-23.19706177;-45.9099262;0
8.899;0.0995;-0.9669;-0.1529;-23.19706177;-45.9099262;0
8.9;0.1035;-0.9725;-0.1759;-23.19706177;-45.9099262;0
8.9;0.1384;-0.964;-0.1871;-23.19706177;-45.9099262;0
8.957;0.1428;-0.9713;-0.1822;-23.19706177;-45.9099262;0
8.958;0.1132;-0.9701;-0.1685;-23.19706177;-45.9099262;0
8.959;0.1039;-0.9545;-0.1637;-23.19706177;-45.9099262;0
9.014;0.1152;-0.9603;-0.1615;-23.19706177;-45.9099262;0
9.015;0.1179;-0.9672;-0.1502;-23.19706177;-45.9099262;0
9.016;0.0905;-0.9811;-0.1431;-23.19706177;-45.9099262;0
9.072;0.1108;-0.9569;-0.18;-23.19706177;-45.9099262;0
9.073;0.1691;-0.9655;-0.1741;-23.19706177;-45.9099262;0
9.073;0.2387;-0.9816;-0.224;-23.19706177;-45.9099262;0
9.13;0.1728;-0.9569;-0.1878;-23.19706177;-45.9099262;0
9.131;0.1308;-0.9606;-0.1676;-23.19706177;-45.9099262;0
9.132;0.1564;-0.9679;-0.1558;-23.19706177;-45.9099262;0
9.188;0.1423;-0.9733;-0.1312;-23.19706177;-45.9099262;0
9.189;0.1372;-0.9613;-0.1522;-23.19706177;-45.9099262;0
9.19;0.1362;-0.9652;-0.1575;-23.19706177;-45.9099262;0
9.247;0.1359;-0.974;-0.16;-23.19706177;-45.9099262;0
9.247;0.1298;-0.9718;-0.1285;-23.19706177;-45.9099262;0
9.248;0.1054;-0.966;-0.1214;-23.19706177;-45.9099262;0
9.305;0.0573;-0.9645;-0.1092;-23.19706177;-45.9099262;0
9.306;0.0993;-0.9557;-0.1187;-23.19706177;-45.9099262;0
9.307;0.0947;-0.9838;-0.1185;-23.19706177;-45.9099262;0
9.363;0.0798;-0.963;-0.1278;-23.19706177;-45.9099262;0
9.364;0.0854;-0.964;-0.1258;-23.19706177;-45.9099262;0
9.365;0.1096;-0.9652;-0.1234;-23.19706177;-45.9099262;0
9.421;0.1052;-0.973;-0.1182;-23.19706177;-45.9099262;0
9.422;0.1059;-0.9723;-0.128;-23.19706177;-45.9099262;0
9.423;0.113;-0.9752;-0.1217;-23.19706177;-45.9099262;0
9.479;0.0827;-0.9628;-0.1121;-23.19706177;-45.9099262;0
9.48;0.0822;-0.9684;-0.1114;-23.19706177;-45.9099262;0
9.481;0.0978;-0.9738;-0.1048;-23.19706177;-45.9099262;0
9.537;0.1159;-0.9735;-0.1275;-23.19706177;-45.9099262;0
9.539;0.1137;-0.9765;-0.1234;-23.19706177;-45.9099262;0
9.539;0.0732;-0.9596;-0.1087;-23.19706177;-45.9099262;0
9.595;0.05;-0.9708;-0.0848;-23.19706177;-45.9099262;0
9.596;0.0978;-0.9747;-0.1126;-23.19706177;-45.9099262;0
9.597;0.1284;-0.9874;-0.1402;-23.19706177;-45.9099262;0
9.653;0.0827;-0.9677;-0.1368;-23.19706177;-45.9099262;0
9.655;0.0732;-0.9699;-0.1312;-23.19706177;-45.9099262;0
9.655;0.072;-0.9723;-0.1141;-23.19706177;-45.9099262;0
9.712;0.071;-0.9711;-0.1136;-23.19706177;-45.9099262;0
9.713;0.0754;-0.9826;-0.1087;-23.19706177;-45.9099262;0
9.716;0.0593;-0.9713;-0.126;-23.19706177;-45.9099262;0
9.769;0.0326;-0.9591;-0.1068;-23.19706177;-45.9099262;0
9.771;0.0241;-0.9545;-0.1082;-23.19706177;-45.9099262;0
9.771;0.0615;-0.9662;-0.1219;-23.19706177;-45.9099262;0
9.827;0.079;-0.9931;-0.1368;-23.19706177;-45.9099262;0
9.829;0.0344;-0.9545;-0.1256;-23.19706177;-45.9099262;0
9.829;0.0151;-0.9579;-0.1168;-23.19706177;-45.9099262;0
9.887;0.0383;-0.9669;-0.1168;-23.19706177;-45.9099262;0
9.888;0.0903;-0.9909;-0.1812;-23.19706177;-45.9099262;0
9.889;0.0654;-0.9882;-0.1676;-23.19706177;-45.9099262;0
9.944;0.0641;-0.9816;-0.1405;-23.19706177;-45.9099262;0
9.945;0.0536;-0.9755;-0.1387;-23.19706177;-45.9099262;0
9.946;0.0536;-0.9613;-0.1351;-23.19706177;-45.9099262;0
10.003;0.0554;-0.976;-0.1348;-23.19706177;-45.9099262;0
10.004;0.0717;-0.9767;-0.1612;-23.19706177;-45.9099262;0
10.005;0.0458;-0.9674;-0.1544;-23.19706177;-45.9099262;0
10.061;0.0619;-0.9774;-0.139;-23.19706177;-45.9099262;0
10.062;0.0456;-0.9735;-0.1268;-23.19706177;-45.9099262;0
10.063;0.0466;-0.9689;-0.1353;-23.19706177;-45.9099262;0
10.118;0.079;-0.9852;-0.1473;-23.19706177;-45.9099262;0
10.119;0.0578;-0.9738;-0.1446;-23.19706177;-45.9099262;0
10.12;0.0356;-0.9677;-0.1258;-23.19706177;-45.9099262;0
10.176;0.0405;-0.9638;-0.116;-23.19706177;-45.9099262;0
10.178;0.0326;-0.9708;-0.1177;-23.19706177;-45.9099262;0
10.179;0.0512;-0.9733;-0.1265;-23.19706177;-45.9099262;0
10.233;0.0285;-0.9625;-0.1175;-23.19706177;-45.9099262;0
10.234;0.05;-0.9699;-0.1339;-23.19706177;-45.9099262;0
10.235;0.0705;-0.9794;-0.1519;-23.19706177;-45.9099262;0
10.292;0.0627;-0.9818;-0.1383;-23.19706177;-45.9099262;0
10.294;0.0527;-0.9743;-0.1302;-23.19706177;-45.9099262;0
10.294;0.0527;-0.9767;-0.1224;-23.19706177;-45.9099262;0
10.35;0.0532;-0.9684;-0.1314;-23.19706177;-45.9099262;0
10.352;0.0468;-0.9652;-0.129;-23.19706177;-45.9099262;0
10.352;0.0485;-0.9772;-0.1319;-23.19706177;-45.9099262;0
10.407;0.0456;-0.9691;-0.1356;-23.19706177;-45.9099262;0
10.408;0.0405;-0.9628;-0.1378;-23.19706177;-45.9099262;0
10.409;0.0478;-0.9706;-0.1461;-23.19706177;-45.9099262;0
10.466;0.0505;-0.9767;-0.1304;-23.19706177;-45.9099262;0
10.467;0.0419;-0.9691;-0.1246;-23.19706177;-45.9099262;0
10.468;0.0265;-0.9572;-0.1209;-23.19706177;-45.9099262;0
10.524;0.0236;-0.9594;-0.1251;-23.19706177;-45.9099262;0
10.525;0.0781;-0.9806;-0.1634;-23.19706177;-45.9099262;0
10.526;0.0998;-0.9938;-0.1646;-23.19706177;-45.9099262;0
10.582;0.0715;-0.9647;-0.1451;-23.19706177;-45.9099262;0
10.584;0.0602;-0.9635;-0.1314;-23.19706177;-45.9099262;0
10.584;0.0661;-0.9743;-0.1236;-23.19706177;-45.9099262;0
10.64;0.0388;-0.9691;-0.1099;-23.19706177;-45.9099262;0
10.641;0.0378;-0.9652;-0.0916;-23.19706177;-45.9099262;0
10.642;0.0722;-0.9718;-0.1131;-23.19706177;-45.9099262;0
10.699;0.0641;-0.9769;-0.1365;-23.19706177;-45.9099262;0
10.7;0.1765;-0.9747;-0.1888;-23.19706177;-45.9099262;0
10.701;0.1508;-1.0048;-0.1783;-23.19706177;-45.9099262;0
10.756;0.0803;-0.9603;-0.1661;-23.19706177;-45.9099262;0
10.757;0.0839;-0.976;-0.1568;-23.19706177;-45.9099262;0
10.758;0.1115;-0.997;-0.1593;-23.19706177;-45.9099262;0
10.814;0.1149;-0.9799;-0.1685;-23.19706177;-45.9099262;0
10.816;0.0971;-0.9826;-0.1365;-23.19706177;-45.9099262;0
10.816;0.1159;-0.976;-0.1217;-23.19706177;-45.9099262;0
10.873;0.089;-0.9674;-0.107;-23.19706177;-45.9099262;0
10.874;0.0368;-0.9406;-0.1532;-23.19706177;-45.9099262;0
10.875;0.0529;-0.9672;-0.1329;-23.19706177;-45.9099262;0
10.93;0.0961;-0.9743;-0.1475;-23.19706177;-45.9099262;0
10.932;0.0632;-0.9821;-0.1361;-23.19706177;-45.9099262;0
10.933;0.0546;-0.9474;-0.1446;-23.19706177;-45.9099262;0
10.989;0.0348;-0.9782;-0.1253;-23.19706177;-45.9099262;0
10.99;0.0683;-0.9782;-0.1422;-23.19706177;-45.9099262;0
10.991;0.0829;-1.0023;-0.1322;-23.19706177;-45.9099262;0
11.047;0.0651;-0.9911;-0.1331;-23.19706177;-45.9099262;0
11.048;0.1059;-1.0133;-0.1405;-23.19706177;-45.9099262;0
11.049;0.163;-1.0416;-0.1751;-23.19706177;-45.9099262;0
11.104;0.103;-0.9787;-0.1434;-23.19706177;-45.9099262;0
11.106;0.0341;-0.9501;-0.138;-23.19706177;-45.9099262;0
11.107;0.0869;-1.0119;-0.1534;-23.19706177;-45.9099262;0
11.163;0.1047;-1.0441;-0.179;-23.19706177;-45.9099262;0
11.164;0.048;-1.0402;-0.086;-23.19706177;-45.9099262;0
11.165;0.0588;-1.0617;-0.067;-23.19706177;-45.9099262;0
11.222;0.1596;-1.0954;-0.147;-23.19706177;-45.9099262;0
11.223;-0.0086;-0.964;-0.1456;-23.19706177;-45.9099262;0
11.223;-0.2035;-0.7787;-0.107;-23.19706177;-45.9099262;0
11.279;-0.1888;-0.7342;0.0019;-23.19706177;-45.9099262;0
11.28;-0.0723;-0.8934;-0.0975;-23.19707238;-45.90992889;0
11.281;-0.0184;-1.0419;-0.0865;-23.19707238;-45.90992889;0
11.337;-0.1532;-0.8637;0.0178;-23.19707238;-45.90992889;0
11.339;-0.3287;-0.8082;0.0881;-23.19707238;-45.90992889;0
11.34;-0.0653;-0.8746;-0.1615;-23.19707238;-45.90992889;0
11.395;0.1525;-1.2822;-0.4327;-23.19707238;-45.90992889;0
11.396;0.0431;-1.2233;-0.0626;-23.19707238;-45.90992889;0
11.397;-0.0572;-1.0109;-0.0826;-23.19707238;-45.90992889;0
11.452;-0.0733;-0.9088;-0.262;-23.19707238;-45.90992889;0
11.453;-0.1932;-0.8507;-0.0667;-23.19707238;-45.90992889;0
11.454;-0.0982;-0.984;-0.0381;-23.19707238;-45.90992889;0
11.51;0.1064;-1.1591;-0.2127;-23.19707238;-45.90992889;0
11.511;0.0849;-1.2746;-0.2054;-23.19707238;-45.90992889;0
11.512;0.0556;-1.1989;-0.074;-23.19707238;-45.90992889;0
11.568;0.0441;-1.1198;-0.0552;-23.19707238;-45.90992889;0
11.569;-0.0931;-0.9977;-0.1529;-23.19707238;-45.90992889;0
11.57;-0.2381;-0.7364;-0.1536;-23.19707238;-45.90992889;0
11.63;-0.2975;-0.6874;-0.3436;-23.19707238;-45.90992889;0
11.632;-0.2228;-0.7704;-0.3917;-23.19707238;-45.90992889;0
11.633;0.0471;-1.0353;-0.2306;-23.19707238;-45.90992889;0
11.686;-0.0108;-1.3549;-0.0743;-23.19707238;-45.90992889;0
11.687;-0.0819;-1.3266;-0.1124;-23.19707238;-45.90992889;0
11.688;-0.1949;-1.152;-0.2674;-23.19707238;-45.90992889;0
11.744;-0.3375;-0.8717;-0.566;-23.19707238;-45.90992889;0
11.746;-0.2345;-0.5064;-0.4081;-23.19707238;-45.90992889;0
11.747;-0.1798;-0.5011;0.3598;-23.19707238;-45.90992889;0
11.802;-0.9775;-0.6283;0.9705;-23.19707238;-45.90992889;0
11.804;-0.756;-0.4066;0.1626;-23.19707238;-45.90992889;0
11.805;-0.7069;-0.4071;-1.4616;-23.19707238;-45.90992889;0
11.86;-0.6;-0.974;-1.0343;-23.19707238;-45.90992889;0
11.862;-0.6527;-1.1413;0.041;-23.19707238;-45.90992889;0
11.863;-0.6742;-0.7723;0.1877;-23.19707238;-45.90992889;0
11.919;-0.7834;-0.4608;-0.0518;-23.19707238;-45.90992889;0
11.921;-0.8236;-0.1478;-0.1795;-23.19707238;-45.90992889;0
11.922;-0.9084;-0.031;-0.2728;-23.19707238;-45.90992889;0
11.976;-0.9516;-0.0513;-0.4012;-23.19707238;-45.90992889;0
11.977;-0.8756;-0.2457;-0.3792;-23.19707238;-45.90992889;0
11.978;-0.8661;-0.6134;-0.318;-23.19707238;-45.90992889;0
12.033;-0.9435;-0.9013;-0.0958;-23.19707238;-45.90992889;0
12.034;-0.8442;-1.2072;0.0644;-23.19707238;-45.90992889;0
12.034;-0.6498;-1.3757;-0.2308;-23.19707238;-45.90992889;0
12.092;-0.1725;-2.6299;-0.3351;-23.19707238;-45.90992889;0
12.094;0.2729;-5.1546;0.2632;-23.19707238;-45.90992889;0
12.095;0.4145;-5.0941;-3.2042;-23.19707238;-45.90992889;0
12.151;0.7866;-2.7198;-1.1076;-23.19707238;-45.90992889;0
12.153;-0.5797;-1.7829;-1.5588;-23.19707238;-45.90992889;0
12.154;1.8129;-3.5573;-0.0572;-23.19707238;-45.90992889;0
12.208;2.3522;-3.9621;0.4482;-23.19707238;-45.90992889;0
12.21;2.1178;-4.2058;-0.3145;-23.19707238;-45.90992889;0
12.21;0.8511;-4.2261;-0.1458;-23.19707238;-45.90992889;0
12.266;0.992;-3.4953;-0.389;-23.19707238;-45.90992889;0
12.268;1.3787;-2.04;-0.1036;-23.19707238;-45.90992889;0
12.27;0.9602;0.0769;-0.2752;-23.19707238;-45.90992889;0
12.326;0.738;1.8725;-0.4071;-23.19707238;-45.90992889;0
12.33;1.1985;2.3286;-0.8505;-23.19707238;-45.90992889;0
12.331;1.5199;1.0941;-0.2076;-23.19707238;-45.90992889;0
12.383;1.8414;0.4106;-0.0496;-23.19707238;-45.90992889;0
12.386;0.3737;0.4653;-0.4493;-23.19707238;-45.90992889;0
12.387;-1.5618;1.15;-1.2429;-23.19707238;-45.90992889;0
12.441;-3.979;1.0015;-1.0385;-23.19707238;-45.90992889;0
12.444;-6.7759;-0.766;-2.0437;-23.19707238;-45.90992889;0
12.445;-7.9953;-1.1425;-1.9412;-23.19707238;-45.90992889;0
12.499;-6.2571;0.0798;-0.912;-23.19707238;-45.90992889;0
12.503;-7.9953;-2.4002;-3.6452;-23.19707238;-45.90992889;0
12.504;2.9153;-0.2664;0.719;-23.19707238;-45.90992889;0
12.557;0.4033;-3.6742;1.516;-23.19707238;-45.90992889;0
12.559;-0.6115;-1.5656;0.238;-23.19707238;-45.90992889;0
12.56;-0.8468;-2.177;0.2197;-23.19707238;-45.90992889;0
12.616;0.0551;-3.1674;0.269;-23.19707238;-45.90992889;0
12.618;1.5694;-5.0416;-0.9687;-23.19707238;-45.90992889;0
12.62;2.6628;-6.677;-1.0387;-23.19707238;-45.90992889;0
12.673;1.6727;-4.9095;-2.5052;-23.19707238;-45.90992889;0
12.675;1.568;-4.8936;-2.0005;-23.19707238;-45.90992889;0
12.676;3.4478;-7.1131;-1.759;-23.19707238;-45.90992889;0
12.732;4.2782;-6.008;-1.479;-23.19707238;-45.90992889;0
12.734;2.9358;-4.0918;-0.0079;-23.19707238;-45.90992889;0
12.735;3.6558;-3.0663;0.1272;-23.19707238;-45.90992889;0
12.79;2.7375;-1.9578;0.6665;-23.19707238;-45.90992889;0
12.793;2.2013;1.566;0.7246;-23.19707238;-45.90992889;0
12.793;1.9188;4.3263;-0.1893;-23.19707238;-45.90992889;0
12.847;2.236;1.8432;-0.3756;-23.19707238;-45.90992889;0
12.85;2.6884;0.8001;-1.1098;-23.19707238;-45.90992889;0
12.851;1.2913;-0.0513;-0.4886;-23.19707238;-45.90992889;0
12.905;-0.8876;2.4817;-0.088;-23.19707238;-45.90992889;0
12.907;-4.1052;2.0436;0.8416;-23.19707238;-45.90992889;0
12.908;-5.4367;-0.8627;-2.013;-23.19707238;-45.90992889;0
12.965;-7.9953;-1.769;-3.3517;-23.19707238;-45.90992889;0
12.969;-7.9953;-0.7833;-3.1627;-23.19707238;-45.90992889;0
12.97;-7.9953;-7.9967;-5.5936;-23.19707238;-45.90992889;0
13.022;2.8659;-2.3428;-2.7674;-23.19707238;-45.90992889;0
13.026;2.349;-1.3285;2.0797;-23.19707238;-45.90992889;0
13.027;-0.3839;-1.7461;-0.8854;-23.19707238;-45.90992889;0
13.079;-0.7123;-2.9478;0.2846;-23.19707238;-45.90992889;0
13.082;1.076;-4.2356;-0.2657;-23.19707238;-45.90992889;0
13.083;2.3515;-6.4758;-1.9146;-23.19707238;-45.90992889;0
13.138;2.1828;-7.9967;-4.2781;-23.19707238;-45.90992889;0
13.14;1.8068;-7.9967;-1.6301;-23.19707238;-45.90992889;0
13.141;6.6044;-7.0137;-1.7014;-23.19707238;-45.90992889;0
13.195;4.2367;-6.896;-1.4699;-23.19707238;-45.90992889;0
13.197;4.7306;-3.2401;0.2238;-23.19707238;-45.90992889;0
13.198;4.2882;-2.6465;0.4985;-23.19707238;-45.90992889;0
13.255;3.5474;0.08;1.0289;-23.19707238;-45.90992889;0
13.258;2.6413;3.2527;1.1541;-23.19707238;-45.90992889;0
13.259;2.2284;3.3494;-0.4891;-23.19707238;-45.90992889;0
13.311;1.6493;0.4668;-0.7033;-23.19707238;-45.90992889;0
13.314;0.5344;0.9608;0.1977;-23.19707238;-45.90992889;0
13.314;1.0349;1.2962;2.2389;-23.19707238;-45.90992889;0
13.371;-1.8235;0.6377;1.1465;-23.19707238;-45.90992889;0
13.374;-3.5361;-3.131;-0.932;-23.19707238;-45.90992889;0
13.375;-6.5176;-4.7163;-2.3638;-23.19707238;-45.90992889;0
13.428;-7.8688;-1.5747;-2.6004;-23.19707238;-45.90992889;0
13.43;0.218;-3.8508;-2.4131;-23.19707238;-45.90992889;0
13.431;-1.5134;-7.9967;0.4162;-23.19707238;-45.90992889;0
13.485;3.9525;7.6924;-4.7337;-23.19707238;-45.90992889;0
13.487;7.7246;-7.2808;4.3534;-23.19707238;-45.90992889;0
13.487;0.7571;-5.4147;-4.1807;-23.19707238;-45.90992889;0
13.544;7.5424;0.6949;0.2087;-23.19707238;-45.90992889;0
13.546;8.0044;1.7831;-3.403;-23.19707238;-45.90992889;0
13.547;4.9123;-2.0935;1.0589;-23.19707238;-45.90992889;0
13.603;4.3324;0.4805;0.3061;-23.19707238;-45.90992889;0
13.605;2.3393;-0.5243;-2.0865;-23.19707238;-45.90992889;0
13.606;1.6737;-1.3554;-2.7772;-23.19707238;-45.90992889;0
13.66;-1.822;-1.5712;3.0508;-23.19707238;-45.90992889;0
13.662;-3.0883;-2.2276;0.3095;-23.19707238;-45.90992889;0
13.663;-7.9953;-2.8697;0.2426;-23.19707238;-45.90992889;0
13.718;4.1463;-7.8045;0.259;-23.19707238;-45.90992889;0
13.72;0.5307;-7.9967;5.1877;-23.19707238;-45.90992889;0
13.721;0.8147;7.7852;-8.0143;-23.19707238;-45.90992889;0
13.776;0.0832;-0.8375;1.1214;-23.19707238;-45.90992889;0
13.778;1.9474;-3.4347;-0.8881;-23.19707238;-45.90992889;0
13.779;0.3408;-0.4867;0.0742;-23.19707238;-45.90992889;0
13.834;0.5244;-1.8642;-0.9174;-23.19707238;-45.90992889;0
13.837;1.3272;-2.4073;-1.3317;-23.19707238;-45.90992889;0
13.838;1.1934;-1.8489;-1.2885;-23.19707238;-45.90992889;0
13.892;2.1571;0.6343;-0.9035;-23.19707238;-45.90992889;0
13.894;4.2211;0.7351;-0.7247;-23.19707238;-45.90992889;0
13.895;6.482;0.1269;-2.1028;-23.19707238;-45.90992889;0
13.951;1.4749;-1.3488;0.1674;-23.19707238;-45.90992889;0
13.953;-0.3876;-1.2875;-0.2672;-23.19707238;-45.90992889;0
13.956;-0.7577;-2.0264;-0.3534;-23.19707238;-45.90992889;0
14.007;-1.4419;-2.0276;-0.8017;-23.19707238;-45.90992889;0
14.009;-1.6091;-1.3024;-0.1783;-23.19707238;-45.90992889;0
14.009;-1.7051;-0.9501;0.5662;-23.19707238;-45.90992889;0
14.065;-2.2801;-1.0714;1.3038;-23.19707238;-45.90992889;0
14.067;-1.7293;-0.7076;1.5763;-23.19707238;-45.90992889;0
14.068;-1.3996;-0.4178;1.3614;-23.19707238;-45.90992889;0
14.124;-5.2823;-4.4722;-1.8301;-23.19707238;-45.90992889;0
14.126;0.4961;-5.4378;0.7444;-23.19707238;-45.90992889;0
14.127;1.0088;-4.3181;-0.5421;-23.19707238;-45.90992889;0
14.181;0.781;0.1113;-1.7434;-23.19707238;-45.90992889;0
14.183;-0.779;0.8655;-0.6344;-23.19707238;-45.90992889;0
14.184;-0.8251;-0.5304;-0.137;-23.19707238;-45.90992889;0
14.243;-0.315;-0.4359;-0.2616;-23.19707238;-45.90992889;0
14.245;-0.3602;-0.4622;-0.9745;-23.19707238;-45.90992889;0
14.245;-0.2894;-0.9354;-0.9584;-23.19707238;-45.90992889;0
14.299;-0.1439;-0.9367;-0.8324;-23.19707238;-45.90992889;0
14.301;-0.1739;-0.4642;-1.0019;-23.19708491;-45.90992377;1.08000004
14.303;-0.3177;0.2292;-1.0531;-23.19708491;-45.90992377;1.08000004
14.356;-0.496;-0.0892;-0.7899;-23.19708491;-45.90992377;1.08000004
14.359;-0.453;-0.8002;-0.7921;-23.19708491;-45.90992377;1.08000004
14.36;-0.285;-1.4853;-0.9516;-23.19708491;-45.90992377;1.08000004
14.415;-0.0423;-1.8489;-1.0256;-23.19708491;-45.90992377;1.08000004
14.418;0.1975;-2.4476;-0.7306;-23.19708491;-45.90992377;1.08000004
14.419;0.093;-3.1149;0.7847;-23.19708491;-45.90992377;1.08000004
14.473;0.2878;-2.8289;-0.7411;-23.19708491;-45.90992377;1.08000004
14.475;0.4839;-3.2448;-3.8828;-23.19708491;-45.90992377;1.08000004
14.477;0.281;-7.9967;-1.7712;-23.19708491;-45.90992377;1.08000004
14.532;1.3546;-3.7472;0.0517;-23.19708491;-45.90992377;1.08000004
14.534;1.9774;-4.1863;-0.5504;-23.19708491;-45.90992377;1.08000004
14.535;1.9401;-3.1505;-0.2655;-23.19708491;-45.90992377;1.08000004
14.588;1.7858;-0.4862;0.3572;-23.19708491;-45.90992377;1.08000004
14.591;1.544;1.1026;-0.452;-23.19708491;-45.90992377;1.08000004
14.592;1.2342;2.0734;-0.4457;-23.19708491;-45.90992377;1.08000004
14.648;1.9652;2.843;-0.704;-23.19708491;-45.90992377;1.08000004
14.65;2.1159;1.6769;-0.5553;-23.19708491;-45.90992377;1.08000004
14.652;1.8573;1.3224;-0.2567;-23.19708491;-45.90992377;1.08000004
14.705;0.1921;3.0305;-0.1754;-23.19708491;-45.90992377;1.08000004
14.708;-1.3244;2.3198;-0.2457;-23.19708491;-45.90992377;1.08000004
14.709;-2.5699;1.6889;-0.1458;-23.19708491;-45.90992377;1.08000004
14.765;-5.2496;-0.9059;-0.8502;-23.19708491;-45.90992377;1.08000004
14.768;-5.9814;0.1213;-0.5597;-23.19708491;-45.90992377;1.08000004
14.769;-3.9619;0.8221;0.2634;-23.19708491;-45.90992377;1.08000004
14.821;-7.1444;0.8125;-3.8991;-23.19708491;-45.90992377;1.08000004
14.823;5.9769;-5.3761;0.282;-23.19708491;-45.90992377;1.08000004
14.824;0.939;-4.7911;-2.5506;-23.19708491;-45.90992377;1.08000004
14.879;0.5742;-2.0124;2.2297;-23.19708491;-45.90992377;1.08000004
14.882;-0.0931;-2.6868;-0.4759;-23.19708491;-45.90992377;1.08000004
14.883;0.456;-3.7822;-1.657;-23.19708491;-45.90992377;1.08000004
14.937;1.2796;-4.4749;-1.289;-23.19708491;-45.90992377;1.08000004
14.939;0.9334;-3.7319;-0.7872;-23.19708491;-45.90992377;1.08000004
14.94;1.3209;-2.4659;-1.2922;-23.19708491;-45.90992377;1.08000004
14.995;2.5449;-2.4156;-0.0193;-23.19708491;-45.90992377;1.08000004
14.998;0.0029;-4.3992;-1.1345;-23.19708491;-45.90992377;1.08000004
14.999;1.7567;-3.7045;-0.6923;-23.19708491;-45.90992377;1.08000004
15.054;1.1807;-3.6007;-1.6995;-23.19708491;-45.90992377;1.08000004
15.056;1.9161;-4.3721;-0.0997;-23.19708491;-45.90992377;1.08000004
15.058;1.8439;-2.971;0.4873;-23.19708491;-45.90992377;1.08000004
15.113;1.9308;-1.833;0.0419;-23.19708491;-45.90992377;1.08000004
15.116;1.6903;1.0623;0.8645;-23.19708491;-45.90992377;1.08000004
15.117;0.9715;3.1101;0.2309;-23.19708491;-45.90992377;1.08000004
15.17;0.6155;1.3016;-0.0279;-23.19708491;-45.90992377;1.08000004
15.172;1.2715;0.5664;0.0407;-23.19708491;-45.90992377;1.08000004
15.173;1.4044;-0.6988;0.1315;-23.19708491;-45.90992377;1.08000004
15.226;1.0889;-1.3249;0.0366;-23.19708491;-45.90992377;1.08000004
15.228;0.6023;-1.3459;0.1367;-23.19708491;-45.90992377;1.08000004
15.228;0.0895;-1.1845;0.2483;-23.19708491;-45.90992377;1.08000004
15.286;-0.2286;-1.2216;0.3191;-23.19708491;-45.90992377;1.08000004
15.289;-1.258;-1.5976;0.5747;-23.19708491;-45.90992377;1.08000004
15.29;-3.0541;-2.7474;-0.3355;-23.19708491;-45.90992377;1.08000004
15.344;-4.7481;-3.5148;-1.1462;-23.19708491;-45.90992377;1.08000004
15.347;-4.951;-1.7282;-3.5124;-23.19708491;-45.90992377;1.08000004
15.348;-6.8548;-1.8984;-5.1305;-23.19708491;-45.90992377;1.08000004
15.402;-6.362;-7.9967;6.0294;-23.19708491;-45.90992377;1.08000004
15.405;-3.6306;-1.6638;-7.2401;-23.19708491;-45.90992377;1.08000004
15.406;2.6462;1.8271;3.8868;-23.19708491;-45.90992377;1.08000004
15.459;-0.2035;-1.7656;-1.0395;-23.19708491;-45.90992377;1.08000004
15.461;-1.0742;-3.1329;1.2999;-23.19708491;-45.90992377;1.08000004
15.463;0.0102;-2.8333;0.1777;-23.19708491;-45.90992377;1.08000004
15.518;0.8277;-2.4922;-0.5414;-23.19708491;-45.90992377;1.08000004
15.52;0.1562;-1.97;-0.4425;-23.19708491;-45.90992377;1.08000004
15.522;0.5134;-2.0503;-0.7282;-23.19708491;-45.90992377;1.08000004
15.576;0.6272;-2.5389;-0.1214;-23.19708491;-45.90992377;1.08000004
15.578;0.2272;-2.5875;-1.9429;-23.19708491;-45.90992377;1.08000004
15.579;-1.1298;-1.7851;-0.8451;-23.19708491;-45.90992377;1.08000004
15.635;0.395;-1.9299;-0.7521;-23.19708491;-45.90992377;1.08000004
15.638;1.1304;-1.9016;-0.6539;-23.19708491;-45.90992377;1.08000004
15.639;1.5169;-1.9905;-0.3373;-23.19708491;-45.90992377;1.08000004
15.692;1.5379;-2.4905;-0.4647;-23.19708491;-45.90992377;1.08000004
15.694;2.1659;-2.659;-0.6693;-23.19708491;-45.90992377;1.08000004
15.695;1.7008;-2.1565;-0.2137;-23.19708491;-45.90992377;1.08000004
15.75;1.545;-2.0195;-0.0323;-23.19708491;-45.90992377;1.08000004
15.753;1.2671;-2.0898;-0.2135;-23.19708491;-45.90992377;1.08000004
15.754;0.7712;-0.6593;-0.3592;-23.19708491;-45.90992377;1.08000004
15.808;0.3073;0.698;0.3301;-23.19708491;-45.90992377;1.08000004
15.811;0.3012;1.514;0.019;-23.19708491;-45.90992377;1.08000004
15.812;-0.0616;0.6475;-0.8285;-23.19708491;-45.90992377;1.08000004
15.866;0.509;0.2451;-0.3373;-23.19708491;-45.90992377;1.08000004
15.868;0.8345;-0.4593;-0.2625;-23.19708491;-45.90992377;1.08000004
15.869;0.4988;-0.7115;-0.1705;-23.19708491;-45.90992377;1.08000004
15.924;0.8801;-1.1703;0.1711;-23.19708491;-45.90992377;1.08000004
15.926;0.633;-1.4597;0.4145;-23.19708491;-45.90992377;1.08000004
15.927;0.3242;-2.0989;-0.3311;-23.19708491;-45.90992377;1.08000004
15.983;0.0756;-3.2907;-0.6014;-23.19708491;-45.90992377;1.08000004
15.985;-1.3855;-4.9451;-0.8229;-23.19708491;-45.90992377;1.08000004
15.986;-3.3141;-5.4413;-1.1906;-23.19708491;-45.90992377;1.08000004
16.041;-3.372;-2.7686;-0.0862;-23.19708491;-45.90992377;1.08000004
16.046;-4.0427;-0.5382;-0.8397;-23.19708491;-45.90992377;1.08000004
16.047;-5.8127;-1.4543;-0.2765;-23.19708491;-45.90992377;1.08000004
16.099;-2.5819;-1.1999;-0.6515;-23.19708491;-45.90992377;1.08000004
16.101;0.5388;-1.238;1.6473;-23.19708491;-45.90992377;1.08000004
16.102;-0.2953;-0.6876;-4.0515;-23.19708491;-45.90992377;1.08000004
16.156;-7.0843;-7.9967;7.6811;-23.19708491;-45.90992377;1.08000004
16.159;-0.7062;0.6824;-2.8431;-23.19708491;-45.90992377;1.08000004
16.161;0.5124;1.559;1.4586;-23.19708491;-45.90992377;1.08000004
16.219;-0.0599;-1.9851;-0.8095;-23.19708491;-45.90992377;1.08000004
16.22;-0.0911;-1.3271;-0.3018;-23.19708491;-45.90992377;1.08000004
16.221;-0.2127;-2.3455;-0.0845;-23.19708491;-45.90992377;1.08000004
16.279;0.1433;-2.5403;0.2016;-23.19708491;-45.90992377;1.08000004
16.281;0.6589;-2.009;0.0241;-23.19708491;-45.90992377;1.08000004
16.282;0.3068;-1.6269;0.0212;-23.19708491;-45.90992377;1.08000004
16.33;0.2968;-2.0054;-0.7892;-23.19708491;-45.90992377;1.08000004
16.334;0.8123;-1.5251;-0.6752;-23.19707282;-45.90991305;4.82999992
16.335;1.2371;-1.089;-0.7435;-23.19707282;-45.90991305;4.82999992
16.388;-0.8068;-1.7478;-1.1171;-23.19707282;-45.90991305;4.82999992
16.39;0.5325;-1.4663;-0.8373;-23.19707282;-45.90991305;4.82999992
16.391;1.167;-1.7832;-0.2142;-23.19707282;-45.90991305;4.82999992
16.446;1.5609;-1.7353;-0.0301;-23.19707282;-45.90991305;4.82999992
16.449;1.829;-1.5886;0.2783;-23.19707282;-45.90991305;4.82999992
16.45;1.6954;-1.2948;0.6824;-23.19707282;-45.90991305;4.82999992
16.504;1.0115;-1.0319;0.47;-23.19707282;-45.90991305;4.82999992
16.507;0.6382;-1.0187;-0.3773;-23.19707282;-45.90991305;4.82999992
16.508;0.0624;-1.3254;-0.023;-23.19707282;-45.90991305;4.82999992
16.563;0.2978;-0.1121;-0.6559;-23.19707282;-45.90991305;4.82999992
16.565;0.1303;-0.0782;-0.66;-23.19707282;-45.90991305;4.82999992
16.566;-0.0909;-0.0684;-0.7682;-23.19707282;-45.90991305;4.82999992
16.621;0.4533;-0.1858;-0.3143;-23.19707282;-45.90991305;4.82999992
16.624;0.7481;-0.7098;0.1547;-23.19707282;-45.90991305;4.82999992
16.625;0.5754;-1.0106;0.0256;-23.19707282;-45.90991305;4.82999992
16.681;0.3471;-1.433;-0.1627;-23.19707282;-45.90991305;4.82999992
16.683;0.3542;-2.0168;0.3554;-23.19707282;-45.90991305;4.82999992
16.684;-0.4469;-2.8509;0.5124;-23.19707282;-45.90991305;4.82999992
16.736;-1.9021;-3.9116;-0.368;-23.19707282;-45.90991305;4.82999992
16.739;-3.601;-4.175;-1.4553;-23.19707282;-45.90991305;4.82999992
16.74;-4.4842;-1.9936;-0.2259;-23.19707282;-45.90991305;4.82999992
16.795;-4.5223;-0.2466;0.4778;-23.19707282;-45.90991305;4.82999992
16.797;-3.5668;-0.2139;0.0226;-23.19707282;-45.90991305;4.82999992
16.798;-1.6548;-1.5747;-0.797;-23.19707282;-45.90991305;4.82999992
16.853;-0.5438;-1.3691;-4.8277;-23.19707282;-45.90991305;4.82999992
16.856;-0.4913;-7.9967;7.1381;-23.19707282;-45.90991305;4.82999992
16.857;-1.1118;0.3486;0.4656;-23.19707282;-45.90991305;4.82999992
16.911;0.9444;0.9778;-0.3973;-23.19707282;-45.90991305;4.82999992
16.913;-0.4142;-1.5324;-0.3187;-23.19707282;-45.90991305;4.82999992
16.915;-0.3602;-0.9323;-0.3585;-23.19707282;-45.90991305;4.82999992
16.97;-0.2796;-1.0878;-0.3805;-23.19707282;-45.90991305;4.82999992
16.972;-0.1043;-1.309;-0.0132;-23.19707282;-45.90991305;4.82999992
16.973;0.0759;-1.6599;-0.2183;-23.19707282;-45.90991305;4.82999992
17.027;0.0207;-1.3005;-0.285;-23.19707282;-45.90991305;4.82999992
17.029;0.0126;-1.0766;-0.4168;-23.19707282;-45.90991305;4.82999992
17.03;-0.0567;-0.9088;-0.4374;-23.19707282;-45.90991305;4.82999992
17.085;-0.1388;-0.882;-0.3868;-23.19707282;-45.90991305;4.82999992
17.087;-0.0269;-0.8485;-0.3185;-23.19707282;-45.90991305;4.82999992
17.088;0.0702;-0.9821;-0.2655;-23.19707282;-45.90991305;4.82999992
17.143;0.1491;-1.2958;-0.1058;-23.19707282;-45.90991305;4.82999992
17.145;0.1782;-1.5454;0.1267;-23.19707282;-45.90991305;4.82999992
17.146;0.4023;-1.7319;0.1206;-23.19707282;-45.90991305;4.82999992
17.201;0.6643;-1.9128;-0.1951;-23.19707282;-45.90991305;4.82999992
17.203;0.5578;-2.1997;-0.3241;-23.19707282;-45.90991305;4.82999992
17.204;0.8186;-3.1131;-0.4894;-23.19707282;-45.90991305;4.82999992
17.263;1.0183;-2.8621;-0.5255;-23.19707282;-45.90991305;4.82999992
17.265;-0.8971;-1.8943;-0.6742;-23.19707282;-45.90991305;4.82999992
17.266;1.0191;-0.4747;-0.2166;-23.19707282;-45.90991305;4.82999992
17.317;0.793;-0.5394;-0.4371;-23.19707282;-45.90991305;4.82999992
17.319;1.1092;0.1523;0.1975;-23.19704081;-45.909911;2.76999998
17.32;0.8176;0.0634;0.5476;-23.19704081;-45.909911;2.76999998
17.375;0.5911;-0.1509;0.0703;-23.19704081;-45.909911;2.76999998
17.378;0.5652;-0.2796;-0.1781;-23.19704081;-45.909911;2.76999998
17.379;0.4883;-0.4576;-0.3463;-23.19704081;-45.909911;2.76999998
17.433;0.3015;-0.5294;-0.525;-23.19704081;-45.909911;2.76999998
17.435;0.121;-0.596;-0.5182;-23.19704081;-45.909911;2.76999998
17.436;0.0568;-0.7013;-0.3502;-23.19704081;-45.909911;2.76999998
17.491;0.0754;-1.1784;-0.2247;-23.19704081;-45.909911;2.76999998
17.493;-0.409;-1.8523;-0.421;-23.19704081;-45.909911;2.76999998
17.494;-1.2561;-2.7427;-0.8524;-23.19704081;-45.909911;2.76999998
17.55;-2.7623;-3.6386;-0.998;-23.19704081;-45.909911;2.76999998
17.552;-3.4379;-2.2847;-0.1295;-23.19704081;-45.909911;2.76999998
17.553;-3.6044;-1.5053;0.0244;-23.19704081;-45.909911;2.76999998
17.609;-3.4184;-1.2912;-0.5133;-23.19704081;-45.909911;2.76999998
17.612;-2.4195;-1.959;-0.0894;-23.19704081;-45.909911;2.76999998
17.613;2.6655;-0.9806;-1.0275;-23.19704081;-45.909911;2.76999998
17.666;-3.4645;-5.7313;1.534;-23.19704081;-45.909911;2.76999998
17.668;0.7544;-0.7557;-0.1615;-23.19704081;-45.909911;2.76999998
17.669;-0.2149;0.355;-1.1826;-23.19704081;-45.909911;2.76999998
17.724;-0.2047;-0.7909;-0.2616;-23.19704081;-45.909911;2.76999998
17.726;-0.0426;-1.1894;-0.3402;-23.19704081;-45.909911;2.76999998
17.728;0.0185;-1.0897;-0.2418;-23.19704081;-45.909911;2.76999998
17.781;-0.013;-1.0629;-0.1934;-23.19704081;-45.909911;2.76999998
17.783;-0.0272;-0.9843;-0.1319;-23.19704081;-45.909911;2.76999998
17.784;-0.0592;-1.0075;-0.1729;-23.19704081;-45.909911;2.76999998
17.839;-0.0164;-0.975;-0.3185;-23.19704081;-45.909911;2.76999998
17.841;0.0778;-0.9906;-0.3307;-23.19704081;-45.909911;2.76999998
17.842;0.0866;-0.9274;-0.3436;-23.19704081;-45.909911;2.76999998
17.898;-0.0089;-0.8688;-0.327;-23.19704081;-45.909911;2.76999998
17.9;-0.0609;-0.8932;-0.2574;-23.19704081;-45.909911;2.76999998
17.901;-0.1058;-0.8991;-0.2083;-23.19704081;-45.909911;2.76999998
17.956;-0.1554;-0.9078;-0.1241;-23.19704081;-45.909911;2.76999998
17.958;-0.1283;-0.9513;-0.1019;-23.19704081;-45.909911;2.76999998
17.959;-0.0921;-1.0651;-0.1053;-23.19704081;-45.909911;2.76999998
18.014;-0.0496;-1.1598;-0.1273;-23.19704081;-45.909911;2.76999998
18.017;-0.0106;-1.2853;-0.2423;-23.19704081;-45.909911;2.76999998
18.018;0.0295;-1.2941;-0.2318;-23.19704081;-45.909911;2.76999998
18.072;0.0168;-1.2726;-0.1258;-23.19704081;-45.909911;2.76999998
18.074;-0.0133;-1.3073;-0.381;-23.19704081;-45.909911;2.76999998
18.076;0.0173;-1.3976;-0.3629;-23.19704081;-45.909911;2.76999998
18.13;0.2829;-1.7329;-0.1524;-23.19704081;-45.909911;2.76999998
18.132;0.4719;-2.25;-0.3939;-23.19704081;-45.909911;2.76999998
18.133;0.4272;-2.7349;-0.9547;-23.19704081;-45.909911;2.76999998
18.187;0.1374;-2.9019;-0.2581;-23.19704081;-45.909911;2.76999998
18.188;0.508;-2.4231;0.1311;-23.19704081;-45.909911;2.76999998
18.19;0.4892;-1.6831;0.3159;-23.19704081;-45.909911;2.76999998
18.245;-0.0758;-0.7655;0.542;-23.19704081;-45.909911;2.76999998
18.247;-0.6532;-0.4574;-0.389;-23.19704081;-45.909911;2.76999998
18.247;-1.2243;-0.4644;-1.0509;-23.19704081;-45.909911;2.76999998
18.304;-0.4508;0.1501;-0.1534;-23.19704081;-45.909911;2.76999998
18.305;0.3071;0.2878;-0.0096;-23.19704081;-45.909911;2.76999998
18.306;0.5442;0.1662;0.5427;-23.19704081;-45.909911;2.76999998
18.361;0.4917;0.2082;0.7813;-23.19704081;-45.909911;2.76999998
18.363;0.488;0.3965;0.7131;-23.19704081;-45.909911;2.76999998
18.364;0.5859;0.3911;0.3081;-23.19704081;-45.909911;2.76999998
18.419;0.6423;0.2192;0.1865;-23.19704081;-45.909911;2.76999998
18.421;0.7083;0.0048;0.4048;-23.19704081;-45.909911;2.76999998
18.422;0.4905;-0.1334;0.2844;-23.19704081;-45.909911;2.76999998
18.477;0.3227;-0.2562;-0.119;-23.19704081;-45.909911;2.76999998
18.479;0.1735;-0.691;-0.1436;-23.19704081;-45.909911;2.76999998
18.48;0.2075;-1.1313;-0.1744;-23.19704081;-45.909911;2.76999998
18.537;-0.0086;-1.6342;-0.1551;-23.19704081;-45.909911;2.76999998
18.539;-0.5565;-2.7518;-0.3629;-23.19704081;-45.909911;2.76999998
18.54;-1.5666;-4.4268;-0.7426;-23.19704081;-45.909911;2.76999998
18.593;-2.2774;-2.5945;-0.0884;-23.19704081;-45.909911;2.76999998
18.596;-2.8466;-2.115;-0.2918;-23.19704081;-45.909911;2.76999998
18.597;-2.5765;-1.3232;-0.5409;-23.19704081;-45.909911;2.76999998
18.652;-1.6807;-1.101;-0.6818;-23.19704081;-45.909911;2.76999998
18.654;1.3074;-0.8234;1.8883;-23.19704081;-45.909911;2.76999998
18.655;2.0534;-1.9524;-0.5377;-23.19704081;-45.909911;2.76999998
18.71;-0.8422;-3.3187;1.1597;-23.19704081;-45.909911;2.76999998
18.712;0.1848;-1.4809;-1.1398;-23.19704081;-45.909911;2.76999998
18.713;-0.005;-0.0171;-1.0058;-23.19704081;-45.909911;2.76999998
18.767;-0.015;-1.0148;-0.117;-23.19704081;-45.909911;2.76999998
18.768;0.1298;-1.0143;0.2495;-23.19704081;-45.909911;2.76999998
18.769;0.1464;-0.9972;0.0549;-23.19704081;-45.909911;2.76999998
18.825;0.0429;-0.8925;-0.1458;-23.19704081;-45.909911;2.76999998
18.827;0.1091;-0.8429;-0.035;-23.19704081;-45.909911;2.76999998
18.828;0.2006;-0.9813;-0.0684;-23.19704081;-45.909911;2.76999998
18.883;0.2446;-0.9913;-0.0684;-23.19704081;-45.909911;2.76999998
18.884;0.2746;-0.9828;-0.0362;-23.19704081;-45.909911;2.76999998
18.885;0.2851;-0.9857;0.039;-23.19704081;-45.909911;2.76999998
18.941;0.2624;-0.9874;-0.0193;-23.19704081;-45.909911;2.76999998
18.943;0.2189;-0.985;-0.0018;-23.19704081;-45.909911;2.76999998
18.943;0.2036;-0.9838;-0.0096;-23.19704081;-45.909911;2.76999998
19;0.1352;-0.9833;0.0124;-23.19704081;-45.909911;2.76999998
19.001;0.0952;-0.9083;0.0126;-23.19704081;-45.909911;2.76999998
19.002;0.1257;-0.933;0.0356;-23.19704081;-45.909911;2.76999998
19.058;0.1716;-1.0092;0.02;-23.19704081;-45.909911;2.76999998
19.059;0.1672;-0.9892;-0.0269;-23.19704081;-45.909911;2.76999998
19.06;0.1186;-0.9352;0.0253;-23.19704081;-45.909911;2.76999998
19.115;0.0827;-0.9591;0.0505;-23.19704081;-45.909911;2.76999998
19.117;0.0786;-1.0082;0.0236;-23.19704081;-45.909911;2.76999998
19.117;0.1608;-1.0241;0.0021;-23.19704081;-45.909911;2.76999998
19.174;0.2609;-0.9618;0.0156;-23.19704081;-45.909911;2.76999998
19.175;0.2109;-0.9738;0.0288;-23.19704081;-45.909911;2.76999998
19.176;0.142;-1.0045;-0.0198;-23.19704081;-45.909911;2.76999998
19.233;0.2004;-0.9733;-0.0269;-23.19704081;-45.909911;2.76999998
19.234;0.2292;-0.9371;0.0729;-23.19704081;-45.909911;2.76999998
19.235;0.2072;-0.9735;0.143;-23.19704081;-45.909911;2.76999998
19.29;0.1994;-0.9718;0.1215;-23.19704081;-45.909911;2.76999998
19.292;0.2246;-0.9716;0.1184;-23.19704612;-45.90992276;0
19.293;0.2673;-0.9567;0.0554;-23.19704612;-45.90992276;0
19.348;0.1992;-0.9672;0.1362;-23.19704612;-45.90992276;0
19.349;0.1223;-0.9152;0.1691;-23.19704612;-45.90992276;0
19.35;0.1335;-0.9288;0.1626;-23.19704612;-45.90992276;0
19.406;0.1689;-1.0553;-0.0836;-23.19704612;-45.90992276;0
19.408;0.2988;-1.1662;-0.1058;-23.19704612;-45.90992276;0
19.409;0.3757;-1.1366;0.0043;-23.19704612;-45.90992276;0
19.464;0.0766;-0.9281;0.3056;-23.19704612;-45.90992276;0
19.466;-0.0828;-0.7159;0.3528;-23.19704612;-45.90992276;0
19.467;0.0048;-0.8439;0.0922;-23.19704612;-45.90992276;0
19.523;0.1186;-0.9042;0.2883;-23.19704612;-45.90992276;0
19.524;0.0759;-0.8593;0.2495;-23.19704612;-45.90992276;0
19.525;0.1535;-0.817;0.4604;-23.19704612;-45.90992276;0
19.581;0.1784;-0.8986;0.3396;-23.19704612;-45.90992276;0
19.582;0.1447;-1.0497;0.0891;-23.19704612;-45.90992276;0
19.583;0.1152;-1.0592;0.093;-23.19704612;-45.90992276;0
19.639;0.0827;-0.9979;0.1508;-23.19704612;-45.90992276;0
19.64;0.113;-0.8871;0.3073;-23.19704612;-45.90992276;0
19.641;0.0524;-0.8492;0.3337;-23.19704612;-45.90992276;0
19.698;0.0095;-0.8961;0.2021;-23.19704612;-45.90992276;0
19.7;0.0915;-0.9022;0.249;-23.19704612;-45.90992276;0
19.701;0.3801;-0.9708;0.2614;-23.19704612;-45.90992276;0
19.755;0.135;-1.1198;0.0581;-23.19704612;-45.90992276;0
19.756;0.1293;-0.975;0.2251;-23.19704612;-45.90992276;0
19.757;0.0898;-0.954;0.2373;-23.19704612;-45.90992276;0
19.812;0.0663;-0.9264;0.2673;-23.19704612;-45.90992276;0
19.813;0.0634;-0.9171;0.2478;-23.19704612;-45.90992276;0
19.814;0.0566;-0.9262;0.2019;-23.19704612;-45.90992276;0
19.871;0.1352;-0.89;0.2312;-23.19704612;-45.90992276;0
19.872;0.144;-1.0177;0.2404;-23.19704612;-45.90992276;0
19.873;0.0353;-0.9804;0.144;-23.19704612;-45.90992276;0
19.929;0.0539;-0.9586;0.2102;-23.19704612;-45.90992276;0
19.93;0.0134;-0.9349;0.2236;-23.19704612;-45.90992276;0
19.931;0.0153;-0.924;0.2292;-23.19704612;-45.90992276;0
19.987;0.0329;-0.9393;0.2038;-23.19704612;-45.90992276;0
19.988;0.0329;-0.9491;0.2016;-23.19704612;-45.90992276;0
19.989;0.144;-0.9411;0.2524;-23.19704612;-45.90992276;0
20.044;0.0776;-1.0189;0.1792;-23.19704612;-45.90992276;0
20.046;0.0449;-0.9618;0.2143;-23.19704612;-45.90992276;0
20.047;0.0202;-0.9342;0.2588;-23.19704612;-45.90992276;0
20.103;0.0012;-0.9193;0.2216;-23.19704612;-45.90992276;0
20.104;0.0197;-0.9364;0.2055;-23.19704612;-45.90992276;0
20.105;0.0292;-0.9723;0.1889;-23.19704612;-45.90992276;0
20.161;0.0419;-0.9818;0.208;-23.19704612;-45.90992276;0
20.162;0.0605;-0.9601;0.2356;-23.19704612;-45.90992276;0
20.163;0.0881;-0.9686;0.2329;-23.19704612;-45.90992276;0
20.219;0.0402;-0.9935;0.1713;-23.19704612;-45.90992276;0
20.22;0.0412;-0.955;0.2246;-23.19704612;-45.90992276;0
20.221;0.0148;-0.9472;0.2204;-23.19704612;-45.90992276;0
20.277;0.0197;-0.9506;0.2133;-23.19704612;-45.90992276;0
20.278;0.0231;-0.9406;0.2197;-23.19704612;-45.90992276;0
20.279;0.0429;-0.9725;0.1855;-23.19704612;-45.90992276;0
20.335;0.0473;-0.9638;0.2009;-23.19704612;-45.90992276;0
20.336;0.0136;-0.9442;0.2138;-23.19704612;-45.90992276;0
20.337;0.0326;-0.9623;0.1948;-23.19704612;-45.90992276;0
20.393;0.0514;-0.9572;0.1999;-23.19704612;-45.90992276;0
20.394;0.0402;-0.9628;0.2143;-23.19704612;-45.90992276;0
20.395;0.0344;-0.9572;0.2143;-23.19704612;-45.90992276;0
20.45;0.0324;-0.9586;0.2014;-23.19704612;-45.90992276;0
20.452;0.0336;-0.9689;0.1923;-23.19704612;-45.90992276;0
20.453;0.0585;-0.9733;0.229;-23.19704612;-45.90992276;0
20.508;0.0429;-0.9699;0.2563;-23.19704612;-45.90992276;0
20.51;0.0261;-0.9633;0.2126;-23.19704612;-45.90992276;0
20.51;0.017;-0.9537;0.1806;-23.19704612;-45.90992276;0
20.567;0.019;-0.9445;0.1772;-23.19704612;-45.90992276;0
20.567;0.0466;-0.9674;0.1914;-23.19704612;-45.90992276;0
20.568;0.0541;-0.9779;0.1965;-23.19704612;-45.90992276;0
20.628;0.0436;-0.9669;0.1811;-23.19704612;-45.90992276;0
20.629;0.0312;-0.9364;0.208;-23.19704612;-45.90992276;0
20.629;0.0314;-0.987;0.2404;-23.19704612;-45.90992276;0
